workflow,run_id,event,commit,run_url,started_at,completed_at,duration_seconds,conclusion
"baseline.yml",37434387923,"push","bb970abb64579b9140438dc9af2138857e4fc790","https://github.com/wnhhuong/NT114.R11_DoAnChuyenNganh/actions/runs/37434387923","2026-10-06T08:10:48Z","2026-10-06T08:12:05Z",77,"success"
"baseline.yml",37323537593,"push","0827b17d4c45a50f1d7a39d10398d1c8116b0dd4","https://github.com/wnhhuong/NT114.R11_DoAnChuyenNganh/actions/runs/37323537593","2026-10-05T14:17:41Z","2026-10-05T14:19:16Z",95,"success"
"baseline.yml",37321022480,"push","935258ea4ad11a406fc1f8201ff538eb76528d67","https://github.com/wnhhuong/NT114.R11_DoAnChuyenNganh/actions/runs/37321022480","2026-10-05T13:58:54Z","2026-10-05T13:59:56Z",62,"success"
"baseline.yml",37313965634,"push","a420946c045abfb13261c93a19c64cb848b8fbc5","https://github.com/wnhhuong/NT114.R11_DoAnChuyenNganh/actions/runs/37313965634","2026-10-05T13:04:01Z","2026-10-05T13:05:08Z",67,"success"
"baseline.yml",37312233289,"push","53ced062cd5c258aeaae4e0624eb1bb72f93cd7c","https://github.com/wnhhuong/NT114.R11_DoAnChuyenNganh/actions/runs/37312233289","2026-10-05T12:49:38Z","2026-10-05T12:50:39Z",61,"success"
"baseline.yml",37309750673,"push","aa111c4584d24ea1f47a5a7782b4b68d16ce6ecc","https://github.com/wnhhuong/NT114.R11_DoAnChuyenNganh/actions/runs/37309750673","2026-10-05T12:28:18Z","2026-10-05T12:29:28Z",70,"success"
"baseline.yml",37307497356,"push","c94594921962706c565cdbff00b2b000864d97c9","https://github.com/wnhhuong/NT114.R11_DoAnChuyenNganh/actions/runs/37307497356","2026-10-05T12:08:38Z","2026-10-05T12:09:40Z",62,"success"
"baseline.yml",37304583308,"push","aca74345ad26cab19f58b4fb7df71bb1496fff1b","https://github.com/wnhhuong/NT114.R11_DoAnChuyenNganh/actions/runs/37304583308","2026-10-05T11:41:47Z","2026-10-05T11:42:57Z",70,"success"
"baseline.yml",37302959348,"workflow_dispatch","75d5ecc1a928293e22da0c63776b64a6ee41c2b9","https://github.com/wnhhuong/NT114.R11_DoAnChuyenNganh/actions/runs/37302959348","2026-10-05T11:26:37Z","2026-10-05T11:27:54Z",77,"success"
"baseline.yml",37302748173,"workflow_dispatch","75d5ecc1a928293e22da0c63776b64a6ee41c2b9","https://github.com/wnhhuong/NT114.R11_DoAnChuyenNganh/actions/runs/37302748173","2026-10-05T11:24:41Z","2026-10-05T11:25:54Z",73,"success"
"secure-ci.yml",37434389227,"push","bb970abb64579b9140438dc9af2138857e4fc790","https://github.com/wnhhuong/NT114.R11_DoAnChuyenNganh/actions/runs/37434389227","2026-10-06T08:10:49Z","2026-10-06T08:13:34Z",165,"success"
"secure-ci.yml",37324185747,"workflow_dispatch","0827b17d4c45a50f1d7a39d10398d1c8116b0dd4","https://github.com/wnhhuong/NT114.R11_DoAnChuyenNganh/actions/runs/37324185747","2026-10-05T14:22:32Z","2026-10-05T14:25:39Z",187,"success"
"secure-ci.yml",37323537855,"push","0827b17d4c45a50f1d7a39d10398d1c8116b0dd4","https://github.com/wnhhuong/NT114.R11_DoAnChuyenNganh/actions/runs/37323537855","2026-10-05T14:17:42Z","2026-10-05T14:20:33Z",171,"success"
"secure-ci.yml",37313965396,"push","a420946c045abfb13261c93a19c64cb848b8fbc5","https://github.com/wnhhuong/NT114.R11_DoAnChuyenNganh/actions/runs/37313965396","2026-10-05T13:04:01Z","2026-10-05T13:06:47Z",166,"success"
"secure-ci.yml",37312826464,"workflow_dispatch","53ced062cd5c258aeaae4e0624eb1bb72f93cd7c","https://github.com/wnhhuong/NT114.R11_DoAnChuyenNganh/actions/runs/37312826464","2026-10-05T12:54:43Z","2026-10-05T12:58:15Z",212,"success"
"secure-ci.yml",37312233494,"push","53ced062cd5c258aeaae4e0624eb1bb72f93cd7c","https://github.com/wnhhuong/NT114.R11_DoAnChuyenNganh/actions/runs/37312233494","2026-10-05T12:49:38Z","2026-10-05T12:52:41Z",183,"success"
"secure-ci.yml",37311343482,"workflow_dispatch","aa111c4584d24ea1f47a5a7782b4b68d16ce6ecc","https://github.com/wnhhuong/NT114.R11_DoAnChuyenNganh/actions/runs/37311343482","2026-10-05T12:42:00Z","2026-10-05T12:44:56Z",176,"success"
"secure-ci.yml",37310703248,"workflow_dispatch","aa111c4584d24ea1f47a5a7782b4b68d16ce6ecc","https://github.com/wnhhuong/NT114.R11_DoAnChuyenNganh/actions/runs/37310703248","2026-10-05T12:36:25Z","2026-10-05T12:39:36Z",191,"success"
"secure-ci.yml",37309750702,"push","aa111c4584d24ea1f47a5a7782b4b68d16ce6ecc","https://github.com/wnhhuong/NT114.R11_DoAnChuyenNganh/actions/runs/37309750702","2026-10-05T12:28:18Z","2026-10-05T12:30:55Z",157,"success"
"secure-ci.yml",37308197725,"workflow_dispatch","c94594921962706c565cdbff00b2b000864d97c9","https://github.com/wnhhuong/NT114.R11_DoAnChuyenNganh/actions/runs/37308197725","2026-10-05T12:14:50Z","2026-10-05T12:18:08Z",198,"success"
